customerID,gender,SeniorCitizen,Partner,Dependents,tenure,PhoneService,MultipleLines,InternetService,OnlineSecurity,OnlineBackup,DeviceProtection,TechSupport,StreamingTV,StreamingMovies,Contract,PaperlessBilling,PaymentMethod,MonthlyCharges,TotalCharges
7054-ENNGU,Female,0,Yes,No,9,Yes,No,DSL,No,Yes,No,No,No,No,Month-to-month,No,Mailed check,50.85,466.6
1310-QRITU,Female,0,No,No,18,Yes,Yes,DSL,No,No,No,No,No,No,Month-to-month,Yes,Electronic check,50.3,913.3
8347-GDTMP,Female,0,Yes,No,64,Yes,No,No,No internet service,No internet service,No internet service,No internet service,No internet service,No internet service,Two year,No,Credit card (automatic),19.45,1225.65
4283-FUTGF,Male,1,No,No,19,Yes,Yes,Fiber optic,No,No,Yes,No,No,No,Month-to-month,Yes,Electronic check,79.85,1471.75
1525-LNLOJ,Male,0,Yes,Yes,66,Yes,Yes,DSL,No,No,Yes,No,Yes,No,Two year,Yes,Bank transfer (automatic),63.3,4189.7
1574-DYCWE,Female,0,Yes,Yes,51,Yes,No,No,No internet service,No internet service,No internet service,No internet service,No internet service,No internet service,Two year,No,Mailed check,19.95,1028.75
7663-CUXZB,Male,0,Yes,No,59,Yes,Yes,Fiber optic,Yes,Yes,Yes,Yes,Yes,Yes,Two year,No,Electronic check,113.75,6561.25
7410-KTVFV,Male,0,Yes,No,18,Yes,No,DSL,No,No,Yes,No,No,No,Month-to-month,Yes,Mailed check,49.55,878.35
8190-ZTQFB,Male,0,No,No,41,No,No phone service,DSL,No,No,Yes,No,Yes,Yes,One year,Yes,Electronic check,51.35,2075.1
7181-BQYBV,Female,0,Yes,Yes,1,Yes,Yes,Fiber optic,Yes,No,Yes,No,Yes,Yes,Month-to-month,Yes,Electronic check,102.45,102.45
6319-IEJWJ,Male,0,Yes,Yes,20,Yes,No,Fiber optic,No,No,No,No,Yes,Yes,Month-to-month,Yes,Electronic check,90.2,1776.55
9788-YTFGE,Male,0,No,No,7,Yes,No,No,No internet service,No internet service,No internet service,No internet service,No internet service,No internet service,Month-to-month,Yes,Mailed check,19.95,147.5
2077-MPJQO,Male,1,Yes,No,7,Yes,Yes,Fiber optic,No,No,No,No,No,No,Month-to-month,Yes,Electronic check,75.4,533.05
8089-UZWLX,Female,1,No,No,71,Yes,Yes,Fiber optic,No,No,Yes,No,Yes,Yes,Two year,No,Bank transfer (automatic),104.05,7413.55
9013-AQORL,Female,0,No,Yes,48,No,No phone service,DSL,No,Yes,Yes,No,No,Yes,Month-to-month,No,Credit card (automatic),45.55,2108.35
7404-JLKQG,Female,0,No,No,3,Yes,No,DSL,No,No,Yes,No,Yes,No,Month-to-month,No,Electronic check,57.55,161.45
5760-FXFVO,Male,0,No,No,6,Yes,No,Fiber optic,Yes,Yes,No,No,No,No,Month-to-month,Yes,Electronic check,78.95,494.95
6203-HBZPA,Male,0,No,No,52,No,No phone service,DSL,Yes,Yes,Yes,Yes,Yes,Yes,Two year,No,Credit card (automatic),63.9,3334.95
6338-AVWCY,Male,0,No,No,3,No,No phone service,DSL,No,No,Yes,No,Yes,No,Month-to-month,Yes,Mailed check,40.15,130.75
7677-SJJJK,Male,0,Yes,Yes,8,Yes,No,No,No internet service,No internet service,No internet service,No internet service,No internet service,No internet service,One year,No,Credit card (automatic),19.9,153.95
2129-ALKBS,Female,0,Yes,Yes,40,Yes,Yes,No,No internet service,No internet service,No internet service,No internet service,No internet service,No internet service,Month-to-month,Yes,Electronic check,26.2,1077.5
5380-WJKOV,Male,0,No,No,34,Yes,Yes,Fiber optic,No,Yes,Yes,No,Yes,Yes,Month-to-month,Yes,Electronic check,106.35,3549.25
0015-UOCOJ,Female,1,No,No,7,Yes,No,DSL,Yes,No,No,No,No,No,Month-to-month,Yes,Electronic check,48.2,340.35
8224-KDLKN,Male,0,Yes,Yes,72,Yes,Yes,No,No internet service,No internet service,No internet service,No internet service,No internet service,No internet service,Two year,No,Bank transfer (automatic),25.0,1738.9
5702-KVQRD,Male,0,Yes,No,71,Yes,No,DSL,Yes,No,Yes,Yes,Yes,Yes,Two year,Yes,Electronic check,82.55,5832.65
2325-ZUSFD,Female,0,Yes,Yes,57,Yes,No,DSL,Yes,No,No,No,Yes,Yes,One year,Yes,Bank transfer (automatic),70.1,3913.3
1587-FKLZB,Male,1,Yes,Yes,66,Yes,Yes,Fiber optic,No,No,Yes,No,Yes,Yes,Month-to-month,Yes,Credit card (automatic),99.5,6822.15
0536-ACXIP,Female,0,Yes,No,72,Yes,Yes,Fiber optic,Yes,Yes,Yes,No,Yes,Yes,Two year,Yes,Electronic check,109.55,8165.1
9755-JHNMN,Female,0,No,No,49,Yes,No,DSL,Yes,Yes,Yes,Yes,No,No,Two year,No,Bank transfer (automatic),67.4,3306.85
8988-ECPJR,Female,1,Yes,Yes,34,Yes,Yes,Fiber optic,No,Yes,No,No,No,No,Month-to-month,Yes,Mailed check,79.6,2718.3
5495-GPSRW,Male,0,No,No,20,Yes,No,No,No internet service,No internet service,No internet service,No internet service,No internet service,No internet service,Two year,Yes,Mailed check,19.7,419.4
2070-FNEXE,Female,1,No,No,7,Yes,No,Fiber optic,Yes,No,No,No,No,No,Month-to-month,No,Bank transfer (automatic),76.45,503.6
3413-CSSTH,Male,0,No,No,41,Yes,Yes,DSL,No,No,Yes,No,No,No,Month-to-month,Yes,Bank transfer (automatic),55.7,2237.55
2985-FMWYF,Female,0,No,No,23,Yes,Yes,Fiber optic,No,No,No,No,Yes,Yes,Month-to-month,Yes,Electronic check,93.5,2341.55
3594-IVHJZ,Female,0,No,No,2,Yes,No,No,No internet service,No internet service,No internet service,No internet service,No internet service,No internet service,Month-to-month,Yes,Mailed check,20.45,42.45
0440-UEDAI,Female,0,No,No,53,Yes,No,Fiber optic,No,Yes,Yes,Yes,No,Yes,One year,Yes,Credit card (automatic),94.45,5042.75
9308-ANMVE,Male,0,No,Yes,47,Yes,No,DSL,Yes,Yes,No,No,No,No,Month-to-month,Yes,Electronic check,55.3,2654.05
5027-YOCXN,Male,0,Yes,Yes,51,Yes,Yes,Fiber optic,Yes,Yes,No,Yes,Yes,Yes,One year,No,Credit card (automatic),110.05,5686.4
3780-YVMFA,Female,0,Yes,Yes,8,Yes,No,DSL,No,No,No,Yes,Yes,Yes,Month-to-month,Yes,Electronic check,68.55,564.35
9611-CTWIH,Female,0,No,No,3,Yes,No,Fiber optic,No,No,No,No,Yes,Yes,Month-to-month,Yes,Electronic check,89.45,240.45
9866-OCCKE,Female,1,Yes,No,72,Yes,Yes,Fiber optic,Yes,No,Yes,Yes,Yes,Yes,Two year,Yes,Mailed check,109.75,8075.35
9692-TUSXH,Female,0,No,No,18,Yes,No,Fiber optic,Yes,No,No,No,Yes,Yes,Month-to-month,Yes,Electronic check,96.05,1740.7
4086-ATNFV,Female,0,Yes,Yes,34,Yes,No,DSL,Yes,Yes,Yes,No,No,No,One year,Yes,Mailed check,60.8,2042.05
4419-UJMUS,Male,0,Yes,Yes,69,Yes,Yes,Fiber optic,No,No,No,Yes,Yes,Yes,Two year,Yes,Electronic check,99.35,6856.45
2720-FVBQP,Female,0,Yes,Yes,6,Yes,Yes,DSL,No,No,No,No,No,No,Month-to-month,Yes,Credit card (automatic),48.95,273.25
0074-HDKDG,Male,0,Yes,Yes,25,Yes,No,DSL,Yes,Yes,Yes,No,No,No,One year,Yes,Bank transfer (automatic),61.6,1611
6825-UYPFK,Female,0,No,No,23,Yes,Yes,Fiber optic,No,No,No,No,No,No,Month-to-month,No,Bank transfer (automatic),75.6,1758.6
7854-EKTJL,Female,0,No,Yes,2,Yes,No,No,No internet service,No internet service,No internet service,No internet service,No internet service,No internet service,Month-to-month,Yes,Electronic check,19.6,35.85
9944-AEXBM,Male,0,No,No,32,Yes,Yes,Fiber optic,No,No,No,No,No,Yes,Month-to-month,Yes,Bank transfer (automatic),85.65,2664.3
2632-TACXW,Female,0,Yes,No,62,Yes,Yes,No,No internet service,No internet service,No internet service,No internet service,No internet service,No internet service,Two year,No,Bank transfer (automatic),23.65,1416.75
