strategy,seed,pr_auc,roc_auc,f1@0.5,best_epoch
plain_bce,42,0.6310873283184253,0.8317045131623136,0.5971428571428572,21
plain_bce,43,0.6342566003707352,0.8340063034436436,0.6079779917469051,6
plain_bce,44,0.6342028312554255,0.8316476788343796,0.6157965194109772,5
plain_bce,45,0.6415794776074577,0.8333087912371799,0.6104078762306611,5
plain_bce,46,0.6342166566858678,0.8323891084760651,0.5878877400295421,16
weighted_bce,42,0.6353471808792253,0.8340295538505258,0.6109391124871001,6
weighted_bce,43,0.6382254202322232,0.8350939058100182,0.6233230134158927,3
weighted_bce,44,0.6372302124048638,0.8335774626055957,0.6131687242798354,5
weighted_bce,45,0.6421353024388342,0.8365070138727426,0.6115537848605578,15
weighted_bce,46,0.6375223979263525,0.8337918830246196,0.612668743509865,3
oversampling,42,0.6261116388849238,0.8308752486501847,0.6189427312775331,10
oversampling,43,0.6271417787568861,0.8307667467514016,0.6180631120783461,11
oversampling,44,0.6305019193127446,0.8292993877392854,0.6098081023454158,12
oversampling,45,0.6291796237147903,0.8311697538040249,0.6064516129032258,8
oversampling,46,0.6418114550940641,0.8354555788059624,0.6258205689277899,6
focal_loss,42,0.6324414186635531,0.8331822056885996,0.6082677165354331,6
focal_loss,43,0.6348961730687184,0.8330375364902219,0.6054490413723511,9
focal_loss,44,0.6330843105570029,0.8309424164922885,0.5902578796561605,5
focal_loss,45,0.6395291521834404,0.8353315766359245,0.6065411298315163,20
focal_loss,46,0.6391970927705681,0.8340114702007286,0.6047430830039525,13
